[
{
  "model": "releases.release",
  "pk": "1.8",
  "fields": {
    "major": 1,
    "is_lts": true,
    "date": "2015-04-01",
    "iteration": 0,
    "micro": 0,
    "minor": 8,
    "status": "f"
  }
},
{
  "model": "releases.release",
  "pk": "1.9",
  "fields": {
    "major": 1,
    "is_lts": false,
    "date": "2015-12-01",
    "iteration": 0,
    "micro": 0,
    "minor": 9,
    "status": "f"
  }
},
{
  "model": "releases.release",
  "pk": "1.10",
  "fields": {
    "major": 1,
    "is_lts": false,
    "date": "2016-08-01",
    "iteration": 0,
    "micro": 0,
    "minor": 10,
    "status": "f"
  }
},
{
  "model": "releases.release",
  "pk": "1.11",
  "fields": {
    "date": "2017-04-04",
    "eol_date": null,
    "major": 1,
    "minor": 11,
    "micro": 0,
    "status": "f",
    "iteration": 0,
    "is_lts": true
  }
},
{
  "model": "releases.release",
  "pk": "2.0",
  "fields": {
    "date": "2017-12-02",
    "eol_date": null,
    "major": 2,
    "minor": 0,
    "micro": 0,
    "status": "f",
    "iteration": 0,
    "is_lts": false
  }
},
{
  "model": "releases.release",
  "pk": "2.1",
  "fields": {
    "date": "2018-08-01",
    "eol_date": null,
    "major": 2,
    "minor": 1,
    "micro": 0,
    "status": "f",
    "iteration": 0,
    "is_lts": false
  }
},
{
  "model": "releases.release",
  "pk": "2.2",
  "fields": {
    "date": "2019-04-01",
    "eol_date": null,
    "major": 2,
    "minor": 2,
    "micro": 0,
    "status": "f",
    "iteration": 0,
    "is_lts": true
  }
},
{
  "model": "releases.release",
  "pk": "3.0",
  "fields": {
    "date": "2019-12-02",
    "eol_date": null,
    "major": 3,
    "minor": 0,
    "micro": 0,
    "status": "f",
    "iteration": 0,
    "is_lts": false
  }
},
{
  "model": "releases.release",
  "pk": "3.1",
  "fields": {
    "date": "2020-08-04",
    "eol_date": null,
    "major": 3,
    "minor": 1,
    "micro": 0,
    "status": "f",
    "iteration": 0,
    "is_lts": false
  }
},
{
  "model": "releases.release",
  "pk": "3.2",
  "fields": {
    "date": "2021-04-06",
    "eol_date": null,
    "major": 3,
    "minor": 2,
    "micro": 0,
    "status": "f",
    "iteration": 0,
    "is_lts": true
  }
}
]
